attendance,previous_marks,study_hours,exam_score
88,67,4,71.2
78,75,8,85.8
64,42,10,72.8
92,45,7,60.5
57,85,9,82.3
70,75,5,66.5
88,51,10,71.9
68,80,4,74.3
72,66,8,70.9
60,88,9,81.8
60,54,7,66.2
73,67,7,74.9
85,74,5,76.2
89,66,4,65.3
73,36,10,69.5
52,67,1,52.4
71,64,10,89.9
51,67,10,75.4
73,60,7,57.1
93,56,1,44.7
79,100,1,80.4
87,72,5,80.4
51,80,9,75.3
70,49,6,70.0
82,78,3,79.2
61,83,3,69.5
71,95,7,90.2
93,40,6,64.7
74,43,9,74.1
98,40,6,64.9
76,66,5,68.7
91,75,10,92.4
77,42,7,62.5
65,84,1,69.6
64,96,7,78.4
96,96,3,85.9
100,41,9,72.4
93,38,6,58.8
52,40,9,61.4
86,92,5,94.2
100,56,7,74.0
56,60,4,60.5
70,37,7,63.4
58,75,1,59.1
88,94,7,86.8
67,48,8,66.2
53,46,5,40.0
74,46,2,37.3
63,47,5,55.8
99,59,6,60.5
58,79,2,56.4
75,53,6,61.0
51,89,6,73.1
69,79,1,62.5
77,42,1,50.4
96,87,10,98.0
56,89,3,66.3
93,66,10,91.3
57,85,10,78.9
96,78,3,75.5
84,52,4,51.9
63,56,2,52.8
66,71,9,76.5
85,90,10,100.0
99,93,7,97.0
89,37,7,57.2
53,62,6,58.5
51,69,3,56.6
55,95,6,90.4
91,88,8,99.2
53,97,8,81.8
78,41,9,68.6
67,83,1,56.2
75,65,1,54.8
93,92,3,76.7
83,95,3,85.8
59,58,10,65.2
85,54,8,73.1
63,71,10,79.8
80,38,1,42.5
97,54,2,67.3
64,94,2,81.5
57,58,3,52.9
63,84,6,75.2
72,83,1,58.6
89,85,2,74.0
70,70,1,68.3
65,100,5,83.1
94,68,7,82.0
67,70,8,68.3
96,40,10,68.8
73,73,1,63.2
75,76,7,78.6
74,92,5,85.7
94,46,10,70.8
90,37,1,36.6
78,52,3,61.2
64,74,7,69.5
94,55,10,81.3
50,49,1,44.2
74,60,7,60.7
56,42,5,54.8
58,76,1,56.0
73,78,1,63.9
50,48,1,39.6
93,36,9,73.7
57,71,3,67.5
73,72,5,61.3
60,75,10,92.5
100,96,9,96.9
66,94,6,93.7
57,48,9,61.9
84,36,8,59.1
84,51,8,67.8
82,62,1,55.1
54,100,9,100.0
91,69,6,75.3
88,39,9,64.4
90,99,3,84.8
77,74,3,62.6
56,90,6,86.5
58,70,9,68.1
57,79,7,72.1
61,57,3,58.8
83,81,3,73.0
82,65,2,64.0
97,45,9,79.2
72,44,3,54.7
73,48,5,57.8
86,44,9,78.6
84,35,8,57.1
93,39,2,49.2
89,54,3,59.3
71,42,2,45.3
76,77,8,76.0
84,35,6,47.3
50,91,6,79.6
84,98,9,94.2
86,62,8,85.1
96,71,4,72.7
63,81,4,69.0
52,71,9,80.0
50,83,1,62.7
54,78,2,60.5
75,90,2,70.0
63,62,6,83.1
88,40,4,55.8
76,95,10,100.0
58,54,3,46.6
64,36,3,40.4
64,71,3,73.1
75,54,6,70.4
91,60,8,78.0
62,63,7,65.7
100,35,4,53.1
81,69,4,64.8
88,93,10,92.4
98,67,2,71.0
81,85,1,72.2
53,46,9,64.7
79,54,2,52.8
86,87,8,90.6
72,77,9,80.7
88,84,4,74.6
94,63,8,86.5
64,91,9,89.2
92,73,10,90.7
78,90,10,98.2
85,77,5,76.8
62,84,7,80.4
81,57,10,71.2
56,78,4,62.4
100,72,1,62.4
71,57,3,59.6
77,79,5,75.6
51,86,3,63.1
91,84,7,89.4
94,42,9,71.8
55,35,6,44.5
77,42,10,67.2
77,63,1,59.1
93,39,7,57.9
93,81,3,78.1
69,68,5,68.7
79,99,10,94.2
60,89,4,75.0
77,77,10,88.4
74,64,5,63.1
88,51,5,59.8
82,60,6,63.5
50,42,10,58.4
76,81,10,88.5
62,80,6,71.8
90,67,8,71.9
52,35,8,48.8
88,53,9,71.6
55,65,8,73.6
57,48,2,48.6
76,87,10,96.0
58,82,1,58.4
86,96,10,100.0
82,100,2,68.4
100,98,2,86.0
91,97,3,86.7
93,67,10,83.3
73,75,7,78.5
64,82,2,58.5
81,47,1,44.6
81,65,6,74.8
73,38,9,64.2
90,53,3,57.1
98,47,6,69.4
98,57,3,64.0
61,35,1,34.5
88,88,5,82.0
51,49,10,62.4
52,99,4,71.5
98,49,7,75.2
86,55,6,63.9
98,53,10,74.5
66,94,7,78.1
98,67,5,60.7
51,83,4,71.9
51,69,7,72.2
77,78,7,85.6
72,45,6,57.0
86,100,8,94.9
81,80,4,71.7
82,43,10,67.1
50,37,5,50.9
68,60,4,59.9
51,82,1,62.2
93,100,8,96.0
75,62,1,62.0
81,60,5,56.2
55,59,6,55.1
81,46,6,62.4
53,39,5,56.0
60,82,3,66.5
66,71,5,63.8
87,78,8,89.7
73,49,2,51.8
54,77,6,77.3
83,82,9,81.9
55,80,8,83.8
71,77,8,72.4
60,55,8,63.8
97,57,7,75.2
65,81,8,81.7
82,49,6,67.8
58,59,2,42.8
55,70,2,58.0
65,85,8,89.0
78,49,1,49.2
52,55,6,52.5
69,47,6,63.1
85,53,4,57.2
68,68,10,75.3
75,86,3,68.8
52,61,3,53.1
68,63,1,55.1
69,62,3,52.5
81,69,4,62.9
56,42,5,46.1
90,50,3,52.7
82,70,6,74.2
89,64,5,71.8
88,52,3,59.2
67,36,6,52.7
89,83,6,91.3
50,38,8,55.5
60,41,2,46.5
77,73,1,59.8
74,47,4,59.1
99,65,7,75.7
72,97,10,98.4
80,90,3,70.1
79,76,3,69.9
91,95,5,82.6
84,76,5,80.0
56,90,10,92.9
65,70,3,59.9
75,41,9,74.0
97,88,4,81.2
98,35,3,43.2
51,78,2,56.8
50,79,10,75.7
97,81,9,93.2
61,47,4,44.9
54,56,3,49.1
86,55,7,70.8
81,43,8,64.6
58,60,2,52.4
90,43,7,64.3
84,49,5,58.6
68,44,5,45.7
97,76,3,71.6
65,58,5,63.0
52,83,2,63.0
69,60,4,62.2
73,71,6,69.4
82,84,1,74.2
73,58,10,62.4
60,53,4,54.9
98,94,6,97.9
57,73,9,84.4
85,52,2,53.7
87,53,7,61.8
89,70,6,82.6
69,89,2,70.9
84,81,8,84.8
97,83,7,82.9
74,67,5,61.6
84,55,5,66.6
74,56,7,70.1
78,82,9,88.1
67,71,9,74.5
95,49,9,67.9
67,69,6,62.5
51,66,10,71.2
84,45,6,55.7
65,44,3,39.4
90,91,1,78.3
85,59,7,64.6
82,36,4,55.2
53,98,1,71.6
82,69,8,79.9
63,41,6,61.6
70,52,6,54.7
97,76,2,75.4
69,73,1,58.4
57,75,2,73.4
56,58,4,54.0
52,94,2,67.0
66,80,1,65.1
82,53,7,66.1
97,76,8,82.3
61,66,6,61.7
100,73,4,82.4
71,70,6,65.4
71,70,3,64.9
95,37,8,69.4
79,42,10,73.4
87,75,2,65.0
87,47,5,59.1
94,83,1,69.6
100,94,6,84.0
57,36,2,41.7
76,94,4,80.9
76,39,6,62.7
83,78,10,84.5
70,61,8,76.5
79,66,8,81.8
82,55,6,66.0
77,42,4,41.5
96,84,8,87.6
82,78,8,92.3
54,92,10,90.6
97,37,1,50.6
68,36,4,46.4
53,78,4,65.0
84,36,7,49.0
98,69,7,83.9
66,64,8,77.1
93,42,5,54.1
77,56,7,66.7
79,78,8,81.1
78,92,9,94.7
95,70,3,67.0
55,65,3,61.7
84,81,4,75.9
90,89,5,71.2
86,96,10,100.0
73,64,1,60.9
78,89,7,80.2
98,50,9,76.5
95,46,8,78.2
80,51,5,61.1
84,50,4,64.2
82,46,7,61.1
70,42,5,53.0
81,37,7,57.1
72,50,1,46.1
82,64,1,57.5
52,57,10,61.2
67,39,3,44.0
74,99,2,84.6
91,64,2,58.1
80,55,7,62.4
52,56,10,69.1
89,66,2,64.1
95,67,4,72.5
73,50,2,50.2
99,72,6,79.7
81,48,8,64.9
96,70,10,81.1
71,57,4,58.7
72,100,5,89.1
51,36,4,45.1
76,99,3,72.2
91,86,5,83.8
51,96,9,83.6
75,57,8,77.1
66,60,8,71.1
89,89,8,95.7
82,40,8,62.6
58,69,7,69.6
92,56,8,81.3
97,77,8,91.5
88,49,8,69.5
78,94,10,95.2
91,46,7,57.0
75,83,1,68.5
84,76,4,72.2
99,72,4,77.1
74,79,5,78.7
73,69,10,87.4
62,64,6,67.4
56,64,4,54.0
85,40,2,37.5
94,41,6,56.9
69,86,8,91.2
50,48,8,68.0
57,49,7,57.5
95,55,6,61.7
65,69,2,56.0
63,100,7,93.9
61,36,5,44.6
100,69,6,80.9
72,54,10,73.5
64,44,8,63.8
77,59,8,80.8
83,100,3,86.2
51,59,7,63.4
81,88,1,80.8
72,67,1,59.1
71,70,7,69.8
100,48,10,79.8
74,99,9,97.7
71,88,7,82.1
71,86,10,87.5
98,37,5,55.9
91,75,8,81.3
55,40,2,39.4
64,59,9,66.7
92,47,6,65.8
86,42,9,68.7
82,55,2,57.5
57,59,3,53.9
93,79,8,85.8
93,94,1,84.7
54,46,10,64.1
88,66,7,82.1
53,47,7,51.6
55,65,1,54.9
94,54,9,72.0
81,52,8,66.1
79,94,4,79.4
96,97,10,100.0
84,40,5,53.2
89,66,2,69.6
65,77,9,81.3
62,36,6,51.4
99,94,3,81.7
91,57,7,75.9
79,65,9,79.8
68,39,3,44.4
66,68,2,51.0
68,44,7,59.8
77,36,7,59.4
75,45,4,48.6
86,84,9,88.7
75,65,8,77.2
72,90,1,62.1
58,43,1,37.4
61,55,5,59.9
50,62,6,67.1
50,96,3,83.7
96,41,9,78.8
83,50,10,74.0
81,38,6,53.7
97,38,4,59.8
74,74,7,74.0
89,51,8,66.5
94,86,9,91.8
50,86,6,72.6
65,70,6,71.8
88,72,8,78.6
54,84,5,72.6
71,97,3,86.6
78,97,3,81.0
52,96,6,88.4
61,41,2,48.8
75,61,6,70.3
65,48,6,55.9
100,39,8,71.7
86,89,7,86.7
71,36,8,57.5
78,96,9,96.5
63,55,6,61.0
77,55,3,53.4
54,44,10,55.1
96,92,3,86.9
98,73,1,70.0
79,39,5,45.1
95,99,4,84.5
54,47,9,62.7
61,87,9,87.8
65,79,5,64.6
75,66,10,79.6
75,70,4,69.9
97,94,7,91.7
70,45,6,58.5
88,97,4,82.9
85,55,10,81.0
82,86,2,68.8
79,89,1,65.5
86,60,4,64.6
72,68,4,58.2
59,86,1,54.0
54,86,6,81.2
85,63,4,61.0
83,72,1,56.2
80,76,1,60.2
59,55,1,43.2
68,76,8,78.1
81,47,10,65.6
50,98,8,88.9
54,51,2,49.8
94,43,7,58.3
53,75,8,71.4
65,35,8,52.9
73,36,10,62.2
65,94,7,90.9
51,82,5,76.1
98,63,1,74.1
77,44,9,54.6
81,92,7,83.7
76,94,2,84.8
69,55,6,53.5
73,62,2,66.3
61,68,1,55.9
99,42,7,66.3
84,93,2,70.8
82,83,2,68.9
82,51,5,69.8
100,94,5,89.0
92,79,7,81.7
86,66,1,62.3
61,78,8,77.2
52,99,3,76.7
50,42,4,41.4
82,77,9,85.0
89,35,4,48.3
59,85,10,77.5
92,58,5,69.8
93,58,7,66.5
78,51,4,56.7
62,39,1,44.1
61,54,9,60.0
80,55,4,63.3
95,92,9,95.4
51,65,6,58.7
100,45,1,62.4
99,86,3,79.5
84,49,2,50.1
72,41,9,59.1
66,62,1,57.5
75,85,9,84.9
57,92,9,91.1
78,39,8,60.9
75,39,8,65.8
59,42,1,35.1
75,98,8,88.1
83,44,10,68.5
100,72,3,71.1
90,42,7,61.3
56,59,1,62.1
53,100,1,81.1
99,84,10,97.4
94,83,5,83.7
60,70,5,64.8
78,75,8,75.5
85,96,7,90.6
74,44,8,66.6
70,55,6,69.3
85,70,6,79.7
59,46,2,37.5
86,36,6,54.9
58,47,5,45.5
73,87,3,79.4
84,66,6,70.2
98,50,8,71.8
84,66,9,82.2
97,66,1,76.9
85,45,3,54.8
67,44,3,47.3
98,49,8,65.2
88,51,1,59.8
81,74,5,72.5
73,52,3,62.6
72,89,2,77.5
81,59,8,70.4
86,93,3,73.2
61,56,7,64.9
98,64,1,59.1
62,78,6,73.6
72,66,3,67.0
74,85,8,77.0
84,80,6,81.3
90,55,2,61.5
79,66,6,75.1
66,73,7,67.3
98,46,5,64.4
69,81,3,75.3
97,52,4,64.6
74,55,4,58.2
71,47,6,64.3
62,55,10,67.3
68,42,1,35.0
98,80,4,77.5
85,41,10,71.5
61,57,4,61.8
90,56,10,81.0
68,56,1,54.5
61,63,9,77.6
58,47,4,48.7
56,36,7,50.6
77,63,3,67.8
63,86,10,82.0
80,61,3,63.2
68,84,8,79.6
96,57,8,80.9
65,78,1,61.6
54,56,10,69.3
84,77,2,77.0
61,71,8,68.9
74,95,1,74.3
70,90,8,86.1
85,37,8,64.3
72,97,2,86.0
65,53,4,52.4
88,57,6,62.4
94,63,9,76.6
91,64,8,76.8
88,73,8,82.5
63,59,7,66.3
80,42,9,74.6
54,92,2,77.2
84,50,3,62.5
72,35,10,74.8
78,39,8,65.1
92,37,6,63.9
60,99,10,98.5
67,38,9,63.4
96,98,10,100.0
61,44,4,47.5
58,55,8,58.5
59,80,10,83.1
93,61,3,67.1
66,100,3,79.4
87,75,8,77.7
56,47,5,51.5
95,43,3,53.8
62,70,10,78.7
89,92,1,77.8
91,88,3,82.2
58,46,9,59.8
99,48,5,68.6
76,68,10,87.1
51,87,2,67.2
54,54,7,64.0
78,50,2,56.9
86,90,4,75.5
87,92,7,95.1
68,38,4,43.9
57,38,7,49.2
97,54,7,72.4
94,44,1,39.5
50,58,6,60.3
71,60,9,78.2
66,71,2,52.3
56,88,3,75.3
74,55,10,70.3
94,72,5,76.6
53,80,9,77.0
85,38,4,55.0
55,94,1,73.1
80,91,4,83.3
68,79,6,75.4
93,54,5,63.1
88,51,1,52.2
76,38,4,53.2
59,48,6,59.6
75,37,10,66.9
68,92,10,86.2
88,89,4,80.8
52,38,9,53.2
94,58,5,71.2
62,68,8,69.1
99,64,9,84.7
77,53,10,72.0
69,65,5,56.1
77,94,6,90.6
57,94,1,68.3
90,53,7,75.5
88,83,4,69.3
50,97,2,69.4
52,56,5,55.2
62,58,3,56.3
77,64,6,62.8
98,92,8,97.8
74,65,7,81.3
82,98,3,84.3
87,53,8,71.4
55,82,2,57.0
93,79,10,87.8
94,89,9,94.7
81,89,4,76.6
94,52,1,59.7
96,97,8,100.0
70,81,7,93.0
65,91,5,73.9
70,79,10,86.1
60,67,5,57.4
86,51,7,55.9
85,38,5,58.3
84,54,8,73.2
68,81,6,72.3
69,49,5,57.2
67,81,9,80.7
96,43,2,50.2
90,50,1,50.9
98,95,8,92.3
63,44,3,43.9
64,84,7,76.3
80,37,10,67.5
50,85,8,65.4
52,53,6,56.0
65,76,10,77.6
72,69,9,73.2
60,80,7,73.9
61,60,10,73.2
59,98,5,80.1
81,71,8,74.0
65,83,2,70.5
57,55,7,57.5
87,98,4,82.0
61,39,9,60.6
73,38,1,43.3
77,73,7,73.8
57,69,6,52.5
77,35,8,54.1
85,58,5,66.5
75,91,1,74.7
57,75,1,57.6
99,88,9,93.3
77,80,10,99.7
77,94,6,84.1
86,94,10,100.0
90,91,5,78.4
85,65,1,54.0
76,58,6,69.1
66,70,6,75.2
58,64,3,55.3
82,58,8,63.2
69,64,1,54.1
62,41,1,41.5
77,69,6,72.7
97,89,10,95.4
78,48,1,47.6
62,44,6,51.0
95,50,1,48.2
84,88,6,88.2
55,78,3,64.6
67,79,8,79.4
100,90,6,87.0
54,91,1,65.1
96,55,5,67.6
74,84,8,93.3
51,67,3,60.4
59,41,6,49.0
79,49,5,55.9
99,66,6,72.0
94,54,10,77.2
54,49,1,38.9
82,82,7,85.5
50,55,9,52.0
67,76,2,66.2
81,60,10,79.6
96,48,5,69.2
98,91,10,100.0
60,71,4,60.6
70,92,6,86.9
75,55,6,63.2
74,37,2,34.2
71,71,2,62.6
76,83,4,71.5
98,53,1,56.2
62,46,9,71.6
82,95,7,91.4
83,75,7,74.4
90,67,3,71.7
84,84,3,76.5
50,67,1,46.2
70,58,3,48.9
97,95,3,79.1
55,95,4,80.2
77,62,4,61.8
66,92,3,75.0
54,77,10,74.2
80,75,8,85.6
54,73,8,63.6
87,83,1,66.6
52,51,7,60.6
72,99,2,71.8
86,39,1,48.5
86,36,3,44.5
59,56,4,49.4
59,91,6,86.2
68,100,10,97.8
66,50,5,59.1
70,85,4,79.3
63,73,8,62.8
58,74,4,68.4
95,72,10,84.5
50,94,2,66.1
100,93,3,85.8
94,44,6,60.9
62,98,8,92.4
53,97,8,86.4
50,83,9,81.5
98,98,7,93.4
89,66,2,58.2
81,41,8,59.1
83,55,7,68.0
77,54,8,78.1
80,60,3,67.9
57,49,7,55.4
88,48,10,73.7
75,61,9,73.4
83,74,3,69.6
52,92,10,89.9
99,62,6,76.5
61,60,2,38.7
50,97,2,72.7
93,100,5,88.8
54,59,5,54.9
79,37,7,61.6
79,78,2,75.0
66,76,7,79.2
97,40,5,56.2
96,73,6,73.8
72,86,8,70.3
64,57,10,73.3
86,84,4,80.6
70,77,7,76.8
63,53,6,64.6
51,85,10,77.9
60,45,2,43.9
100,46,8,69.0
88,42,10,69.5
87,58,9,82.0
83,75,5,74.0
87,70,10,83.8
99,89,4,79.0
83,43,6,66.0
67,81,8,74.1
79,49,3,51.4
64,82,10,94.6
76,76,1,65.6
100,94,4,86.6
83,46,4,56.2
87,36,1,39.3
82,41,9,65.2
73,37,3,44.4
64,37,5,49.7
79,61,6,60.8
91,74,8,85.4
100,67,6,81.9
66,35,3,42.2
54,42,6,54.8
78,66,1,59.9
53,82,4,65.3
59,38,6,45.4
66,53,7,58.6
59,66,10,77.5
66,43,3,47.4
69,46,9,71.4
73,45,7,64.5
54,80,1,63.9
83,50,2,54.6
55,35,1,30.7
51,97,9,90.2
62,55,9,68.6
92,64,7,70.0
92,47,10,79.9
97,68,3,74.7
60,38,5,42.7
100,62,4,65.9
96,93,7,89.9
72,61,9,77.1
65,59,2,56.2
80,37,8,60.6
60,59,9,71.3
65,54,10,64.5
57,68,10,78.6
53,60,9,68.2
89,39,10,65.3
53,95,7,75.3
74,43,9,64.8
52,84,9,83.5
81,40,3,41.2
52,94,4,74.8
76,78,2,67.5
78,45,10,66.5
81,100,3,84.6
99,81,5,81.1
100,37,5,59.3
68,64,6,69.9
70,55,7,67.9
54,62,7,70.2
67,96,1,73.7
77,67,2,58.7
91,69,9,80.0
71,86,10,84.7
70,68,2,60.7
55,75,6,76.6
50,85,1,60.0
54,81,3,67.8
90,92,2,74.3
61,91,3,73.8
75,57,5,68.9
95,82,10,97.3
83,56,6,58.7
98,51,9,77.9
63,45,10,68.6
75,49,4,56.6
94,69,7,82.3
76,67,6,66.7
58,50,2,47.3
75,68,10,86.7
96,100,8,100.0
71,74,7,78.7
96,62,7,71.2
79,81,8,79.1
92,73,1,66.2
97,54,1,57.4
66,35,8,55.2
75,97,4,78.1
85,38,5,56.8
50,92,8,83.7
57,59,5,60.6
98,81,10,97.0
84,72,4,69.2
64,49,6,55.5
96,97,5,95.4
71,55,7,61.7
63,91,10,88.5
75,87,7,90.3
77,80,4,70.5
72,48,5,56.4
63,51,3,49.2
73,73,4,59.5
51,43,4,45.8
94,40,3,47.9
75,57,10,76.4
63,93,5,84.9
100,80,5,70.4
56,72,7,69.1
52,48,4,51.7
96,96,4,75.9
72,69,9,85.1
95,53,6,69.8
92,64,4,73.6
96,59,2,58.6
94,74,6,77.0
67,48,2,47.3
87,60,5,77.9
84,56,6,73.4
100,82,4,80.8
64,85,3,71.5
74,37,7,59.5
86,76,2,80.3
77,53,6,65.3
59,62,4,59.1
88,79,6,78.8
66,97,4,81.0
88,53,4,58.2
71,81,4,74.8
75,48,9,60.5
93,72,7,79.0
74,87,3,77.5
66,95,3,78.1
62,70,6,66.7
69,74,6,71.8
74,64,4,68.9
53,43,9,53.3
59,98,4,72.6
52,67,9,67.7
90,86,4,79.7
94,48,2,48.1
67,87,2,74.4
96,93,5,83.0
85,75,4,73.6
96,42,7,61.7
71,36,5,49.7
83,75,6,69.0
96,89,10,100.0
57,50,4,46.9
89,96,2,74.7
98,82,10,100.0
93,64,9,83.7
68,46,10,72.1
91,69,7,80.5
90,45,4,55.0
86,98,3,76.4
55,84,10,83.5
75,55,3,51.6
83,82,9,83.8
94,54,5,57.8
55,78,3,64.7
86,67,5,78.7
82,95,2,80.5
71,43,4,50.9
70,69,10,80.2
55,99,2,58.0
55,42,2,39.7
97,79,8,80.6
53,81,1,61.0
79,74,7,76.7
60,88,5,71.6
79,80,8,84.3
80,81,1,67.6
73,49,7,70.3
58,53,5,59.6
52,60,4,57.1
100,86,7,85.1
80,56,10,70.4
89,55,2,60.5
86,85,1,69.7
85,72,1,64.6
73,54,1,55.3
80,63,5,59.6
55,85,10,92.5
51,38,7,56.0
69,89,2,60.9
77,62,10,90.1
60,38,8,57.5
53,56,4,51.7
64,79,3,69.5
55,100,10,88.9
98,68,8,84.6
79,89,2,69.7
87,35,3,58.6
100,72,3,72.4
51,40,10,63.0
64,59,1,47.0
60,51,6,62.1
57,95,2,71.4
75,46,1,39.5
100,40,2,50.8
94,61,6,81.7
93,42,4,60.6
54,99,6,81.1
55,91,9,77.0
75,74,10,80.3
53,48,10,57.6
68,69,8,65.7
69,82,1,68.8
82,90,8,90.3
69,83,9,94.4
98,47,6,60.4
61,95,10,92.5
96,83,5,75.2
50,80,6,68.5
75,96,6,85.4
63,42,9,59.5
87,77,4,74.4
86,54,2,61.1
60,73,9,82.0
85,83,2,68.1
62,98,10,94.2
92,96,9,100.0
52,88,2,71.6
82,43,8,60.8
55,71,9,78.8
99,83,10,97.1
59,75,9,73.2
54,51,10,70.6
72,55,9,71.5
59,85,2,57.8
93,93,4,82.9
51,73,7,70.6
62,89,2,66.4
89,75,1,72.1
51,73,3,66.7
69,47,4,51.2
50,98,8,83.9
86,45,6,60.6
58,53,2,47.6
66,45,9,60.8
58,80,2,45.0
60,79,5,79.7
64,35,4,45.3
73,74,7,75.6
87,53,8,72.5
84,95,5,85.3
79,46,10,67.9
80,95,5,79.7
98,67,2,57.2
54,79,8,70.2
93,42,2,45.8
99,59,10,85.5
63,80,6,78.4
60,64,8,65.8
58,81,6,60.7
83,83,4,76.4
61,81,4,67.7
84,52,6,62.4
84,100,4,90.8
50,67,8,70.0
89,70,9,78.4
71,53,1,43.4
78,62,4,62.3
57,74,4,60.4
60,49,2,46.6
90,75,6,83.9
86,73,3,62.3
63,36,7,53.5
79,97,5,90.2
84,63,4,65.2
70,100,5,88.6
86,85,8,86.8
54,44,3,46.1
68,48,7,63.1
63,85,6,74.6
75,73,1,71.4
53,62,7,67.7
74,37,7,62.9
94,61,1,64.9
91,36,9,66.7
74,72,6,80.0
67,37,2,43.0
89,50,5,58.6
57,74,4,65.0
88,36,7,54.3
89,75,8,73.0
63,46,1,39.3
81,69,5,71.1
100,99,3,92.3
87,89,1,68.9
82,79,3,76.5
72,96,6,79.7
64,83,7,74.6
82,59,8,80.2
74,57,4,60.1
66,58,3,55.0
82,72,5,73.8
96,62,9,74.6
51,55,6,56.3
63,88,9,86.7
89,52,6,72.0
89,70,2,57.4
100,79,5,89.8
88,87,9,91.7
100,64,8,74.6
55,94,7,76.5
55,66,1,53.9
52,62,4,50.4
56,78,7,71.6
100,75,7,82.5
57,97,6,88.3
91,57,8,79.2
64,82,6,72.9
96,66,10,84.2
78,91,3,69.1
82,67,4,57.2
79,58,3,53.0
88,73,1,70.3
76,68,10,85.3
85,90,5,85.2
78,62,1,48.8
87,71,1,59.7
82,41,2,43.8
86,71,4,69.7
76,90,6,82.4
82,99,8,89.9
53,99,3,76.9
71,81,1,65.9
51,54,3,46.3
59,53,3,52.9
54,63,5,66.3
59,94,4,83.6
82,52,4,61.6
87,69,9,84.5
62,77,7,74.1
80,45,4,59.9
96,83,3,71.8
85,72,6,80.4
94,98,3,83.5
73,42,6,63.8
64,68,9,78.8
78,82,6,79.3
57,90,4,72.6
54,99,5,83.1
78,65,6,72.6
96,38,3,50.4
53,84,8,79.9
61,64,4,64.9
94,93,8,87.8
51,79,10,84.8
76,38,10,67.5
80,60,3,66.4
100,61,10,80.0
100,80,7,86.5
85,98,9,98.7
85,85,4,81.7
75,84,8,87.1
92,40,3,46.3
76,93,7,89.1
54,49,3,58.0
69,64,7,73.0
60,76,10,90.0
59,71,10,84.0
89,76,6,85.9
87,69,2,66.2
55,40,3,45.9
57,52,6,59.1
72,63,4,62.7
96,93,6,93.9
75,81,1,63.2
95,51,10,86.2
92,56,1,51.7
61,71,3,65.9
75,83,8,91.3
62,47,8,60.5
89,68,4,64.1
67,87,6,85.4
74,85,8,86.3
82,37,7,62.4
96,76,7,82.8
89,66,4,77.2
92,85,9,81.7
61,80,10,86.1
93,55,6,75.2
85,78,3,72.2
97,45,5,63.0
53,35,5,42.8
54,97,5,79.5
86,58,8,65.0
57,47,9,59.0
91,45,9,66.1
98,85,6,89.6
77,51,6,59.4
80,58,9,71.7
58,53,4,51.8
100,71,6,75.3
78,42,4,53.9
63,62,1,54.2
89,39,7,65.3
90,51,10,78.8
71,70,6,74.0
60,53,9,65.0
72,98,7,87.4
50,45,7,50.4
95,88,2,72.7
86,79,9,88.4
70,81,10,83.5
75,46,9,73.9
95,55,6,68.8
85,45,3,61.0
72,39,1,44.8
50,90,4,68.1
100,54,3,61.9
89,75,1,57.6
64,80,3,68.5
70,46,4,49.4
96,51,8,66.5
58,53,9,73.8
58,60,3,60.2
59,82,6,79.9
75,86,10,95.0
90,89,5,77.8
84,67,6,70.8
74,96,4,79.6
75,57,10,66.6
60,49,6,54.2
87,61,7,70.1
51,98,9,89.8
56,85,10,98.4
67,87,7,82.0
76,85,6,81.4
83,81,1,66.5
76,38,2,48.6
66,41,1,36.2
92,69,9,92.9
93,82,10,92.7
100,79,10,91.5
73,53,9,74.8
74,97,7,84.9
56,72,2,62.2
55,93,6,86.9
73,47,4,52.9
82,81,1,77.8
98,95,1,82.5
78,65,5,71.0
92,56,2,65.6
71,77,4,78.3
75,88,1,71.0
77,44,4,57.4
99,76,6,88.5
70,98,10,90.6
98,55,4,56.1
56,100,1,71.2
66,75,7,66.5
69,58,2,52.6
90,69,9,84.5
98,90,3,80.1
69,64,8,71.7
71,91,8,82.8
77,81,3,75.2
89,69,4,64.9
98,53,2,48.1
56,42,4,46.1
50,60,9,72.6
81,64,2,60.8
62,41,3,39.7
79,99,4,84.7
72,70,5,71.2
100,59,1,60.4
68,71,7,72.2
81,35,10,66.9
79,49,7,55.5
78,71,9,76.6
98,47,4,53.8
94,42,6,68.3
78,39,2,49.5
79,94,4,82.4
65,35,2,33.2
89,70,10,89.5
68,69,5,74.4
67,100,7,92.1
50,97,1,68.2
63,57,10,75.3
100,43,10,75.0
96,68,7,83.5
99,80,10,98.3
51,38,6,47.5
77,64,6,66.1
98,37,8,62.9
99,48,8,73.8
79,94,6,84.8
87,79,3,68.9
100,68,5,74.9
53,79,2,67.2
50,95,5,77.9
57,50,9,62.9
78,100,10,100.0
88,74,1,65.6
52,51,10,56.4
81,68,5,73.6
59,50,6,59.3
59,94,7,84.0
68,100,9,99.8
95,100,6,99.8
83,47,5,63.1
82,90,7,83.2
72,65,1,52.2
77,68,5,74.7
81,73,2,56.0
99,42,4,57.1
56,89,7,82.6
78,61,5,56.8
57,87,6,78.3
50,73,2,62.4
52,99,3,67.5
73,51,7,72.1
72,64,2,53.2
57,87,6,80.0
96,47,5,61.9
86,55,10,77.1
52,53,1,38.2
100,87,10,100.0
82,53,4,61.3
77,91,2,82.4
96,59,4,60.2
57,65,1,51.6
83,89,2,75.7
84,57,8,72.7
81,66,6,74.9
73,96,2,75.1
63,44,6,65.6
81,88,10,93.8
95,86,9,79.1
92,54,7,70.6
65,66,9,81.4
53,48,5,47.5
86,84,7,80.3
70,62,7,64.9
63,87,3,65.7
80,58,7,67.0
97,56,1,62.1
67,64,9,82.1
56,97,10,80.2
59,38,6,48.8
56,93,5,79.2
82,42,7,62.1
72,46,5,65.3
70,65,10,68.2
68,68,5,54.0
97,83,10,100.0
68,91,7,88.3
85,60,10,76.4
78,52,7,66.5
67,72,3,65.1
51,84,3,63.5
50,42,10,61.3
96,75,3,74.5
54,40,6,60.6
69,78,6,80.0
60,98,3,85.1
91,63,3,58.2
51,62,8,65.1
52,45,8,59.0
72,99,7,80.3
61,53,10,75.3
69,43,4,54.1
54,61,4,55.2
86,68,3,65.5
87,78,5,83.4
79,49,3,50.2
58,85,8,87.7
83,47,7,62.8
93,83,3,80.2
84,90,9,93.4
71,85,5,88.2
93,71,9,80.4
73,51,7,60.9
66,92,7,77.1
59,63,6,58.9
79,67,2,65.2
95,94,9,100.0
72,89,6,86.1
81,44,8,64.4
66,81,1,59.1
99,57,5,73.1
100,55,1,53.0
66,47,10,60.6
63,67,8,71.1
58,58,8,56.2
89,45,1,42.6
51,51,9,72.7
94,81,2,65.2
74,59,9,67.5
88,55,1,55.1
58,46,10,65.4
71,71,9,78.1
92,76,4,64.8
95,51,9,78.5
53,82,7,73.6
75,62,6,74.0
78,75,5,70.0
94,81,9,95.5
83,52,2,60.8
72,47,2,46.5
86,47,9,74.3
60,65,3,51.6
55,36,8,54.9
67,50,9,72.9
70,43,8,63.7
91,72,4,84.4
85,88,1,75.0
90,90,4,80.2
87,79,9,100.0
83,68,2,71.3
66,43,3,39.6
86,42,10,65.7
74,41,8,55.9
87,70,6,78.5
61,52,8,66.7
72,37,7,58.7
91,62,5,61.2
71,78,9,80.0
70,55,4,57.0
76,62,6,59.0
80,88,2,69.0
55,88,2,73.9
76,99,2,70.7
89,55,10,84.8
83,47,7,69.6
61,91,2,68.8
94,83,2,70.9
56,88,9,89.1
59,44,7,52.5
94,87,3,75.2
66,78,3,66.8
75,81,7,70.1
70,87,5,70.6
77,80,10,86.7
95,47,6,67.0
51,71,8,67.8
92,58,9,76.4
50,36,1,26.7
100,48,3,63.6
85,44,7,64.1
100,69,6,79.5
75,59,7,71.1
78,37,8,60.2
70,51,6,58.1
60,46,3,53.4
89,88,2,76.4
60,58,7,63.6
85,63,1,58.4
98,77,3,74.2
88,59,4,63.6
89,94,1,78.7
84,99,5,83.3
83,62,10,75.5
96,50,3,61.8
73,81,2,67.1
71,92,3,80.7
54,61,8,69.1
82,87,6,80.6
85,76,7,83.4
96,93,6,96.1
69,81,6,79.0
68,68,3,65.2
84,71,8,79.2
92,40,7,67.5
66,41,7,53.6
94,59,6,72.6
92,67,5,85.2
83,89,10,97.4
58,92,8,83.0
75,41,5,51.7
51,91,9,84.9
58,46,9,66.6
58,50,1,45.2
89,77,6,76.4
66,41,7,53.3
50,85,3,67.5
74,66,7,72.5
92,42,7,65.9
89,79,2,75.3
91,93,7,100.0
74,38,1,34.6
88,63,5,72.6
84,63,9,78.6
52,62,7,55.4
99,78,7,91.4
86,38,2,49.5
93,43,8,70.9
93,39,3,43.7
100,90,8,93.4
79,84,3,68.1
87,49,10,84.5
83,66,7,80.3
61,62,2,50.9
68,56,4,50.1
86,51,6,65.5
93,93,9,100.0
98,91,5,78.4
66,60,9,67.3
59,59,5,54.2
98,44,10,78.0
96,79,8,85.6
61,45,1,40.9
65,87,7,82.5
73,62,4,58.0
68,99,5,76.7
57,83,6,81.7
80,81,5,84.4
70,86,1,68.2
66,88,9,88.7
72,94,2,81.0
86,91,9,94.8
65,81,10,83.7
55,65,2,54.7
57,80,9,87.7
74,60,6,66.8
67,39,9,57.4
74,86,6,81.5
61,88,6,81.9
64,67,2,60.5
75,84,8,87.7
90,72,3,65.5
94,61,7,78.4
75,49,5,58.3
96,95,3,80.2
81,55,1,56.8
59,80,8,76.5
65,40,3,37.9
56,72,2,53.6
66,96,1,70.9
72,96,4,83.7
75,80,8,78.4
70,47,3,49.6
71,37,1,34.5
56,40,4,50.9
63,42,9,69.9
64,78,1,69.4
56,67,2,60.7
58,84,9,87.5
100,45,2,44.4
97,62,3,66.7
57,75,7,70.5
99,50,3,64.2
72,82,9,72.9
78,90,6,85.0
67,98,3,77.1
80,93,9,99.2
79,96,1,82.8
88,45,10,67.1
84,52,3,52.7
67,53,1,49.6
91,89,2,85.4
88,60,8,75.3
66,40,7,49.6
63,38,2,38.6
80,63,2,60.7
73,93,9,93.1
84,51,6,60.5
93,77,5,75.0
94,100,10,98.6
83,68,6,78.9
52,42,9,54.4
86,47,7,62.5
92,42,10,68.6
89,99,10,93.7
75,77,9,79.3
72,73,4,74.3
93,93,2,73.4
88,78,8,80.1
64,43,4,43.0
98,71,9,85.6
53,70,4,71.2
78,62,8,72.9
71,76,9,82.4
74,77,9,79.4
62,76,10,82.0
67,100,4,87.9
82,89,1,72.7
65,82,3,79.5
94,56,9,83.1
91,61,4,65.9
93,47,5,61.1
51,79,7,81.9
84,44,5,58.4
91,43,4,63.4
83,88,2,84.2
79,61,2,57.3
62,68,4,64.7
62,35,10,64.7
67,66,10,81.9
81,54,9,76.3
81,69,8,71.5
84,51,3,52.3
88,52,9,70.6
95,79,5,85.8
78,87,3,68.7
98,99,5,99.1
78,35,10,67.6
93,92,4,89.6
65,60,8,64.6
93,54,5,65.8
96,44,10,74.7
59,93,8,87.2
79,75,9,85.0
74,39,4,48.6
88,99,7,94.6
69,51,2,55.5
54,56,6,53.5
50,75,8,81.5
79,45,7,66.9
98,90,7,86.7
52,85,8,81.7
94,55,7,75.8
63,60,5,55.1
79,53,7,66.6
99,94,10,100.0
53,81,3,62.1
67,60,5,62.7
86,74,7,76.7
74,39,9,69.3
97,55,2,56.4
50,38,4,47.4
95,57,7,64.3
64,49,1,44.6
58,42,2,42.7
64,75,9,78.8
98,53,10,76.7
73,80,7,76.4
53,62,10,76.1
61,49,7,64.7
86,71,6,75.1
86,35,3,42.8
92,58,10,88.9
55,61,3,50.4
88,74,2,60.4
95,97,6,82.0
73,95,4,81.0
60,70,5,64.9
62,58,3,60.1
83,58,6,70.7
74,38,3,48.4
56,68,8,70.0
53,91,9,91.3
57,83,4,79.2
69,87,9,92.6
78,57,7,66.0
100,87,3,84.3
94,96,7,91.8
95,75,1,62.0
59,91,3,67.8
92,94,6,87.9
83,88,4,79.7
75,91,7,96.6
90,44,3,49.8
98,74,1,74.3
52,41,9,56.5
55,72,6,58.3
54,95,8,83.2
54,37,3,47.2
96,85,8,92.5
72,81,2,69.6
98,72,4,80.7
58,70,3,55.3
84,75,10,82.0
69,47,1,34.3
98,92,7,97.0
91,84,10,96.8
84,64,2,64.8
99,96,4,81.6
67,59,9,63.7
66,61,6,58.5
73,85,8,80.4
52,91,2,75.8
81,81,7,87.3
84,73,6,73.9
87,50,9,73.2
62,56,7,60.4
96,88,1,76.7
74,55,8,63.1
58,50,10,70.8
53,93,3,67.7
63,65,2,60.5
86,76,3,68.7
83,66,6,68.1
60,93,3,81.7
90,68,10,85.8
52,43,5,47.5
77,45,6,62.8
78,44,8,57.0
58,51,7,65.6
52,82,8,77.4
74,86,3,76.3
83,59,4,55.5
61,55,6,58.6
91,99,7,94.7
58,97,9,95.5
64,85,1,68.7
89,70,8,78.8
74,100,8,95.1
54,49,6,61.7
60,73,4,64.2
83,35,3,46.0
73,57,3,47.7
64,73,6,69.8
87,91,8,83.1
57,68,7,68.6
54,75,1,62.2
97,47,6,54.5
75,40,7,64.4
67,86,7,79.9
55,37,9,56.5
86,97,10,97.3
97,83,5,73.8
62,81,1,58.6
77,89,2,83.7
54,98,4,71.9
62,99,5,74.5
66,49,9,66.7
99,66,1,63.1
89,52,3,56.7
94,77,5,78.4
81,69,3,68.9
78,92,4,77.2
100,67,3,70.3
52,48,4,54.5
89,68,1,57.2
83,95,8,81.4
89,38,4,56.5
76,93,7,100.0
62,63,2,55.1
94,40,2,51.5
82,83,6,79.7
55,74,2,67.4
73,99,6,87.3
68,61,2,54.6
65,40,4,52.8
89,47,7,63.2
77,98,8,86.7
82,96,3,85.2
97,53,9,72.9
90,77,2,65.0
62,54,8,75.7
92,78,8,85.0
94,57,4,67.3
74,36,1,40.9
91,56,1,51.6
85,91,2,79.7
76,41,9,65.6
87,90,2,73.0
56,50,2,48.7
54,85,6,72.7
92,46,7,60.3
94,87,7,82.8
100,39,9,70.3
80,61,6,66.6
72,46,8,70.8
91,51,6,65.6
59,40,2,37.8
81,39,1,45.0
92,91,5,79.1
79,62,9,75.9
88,93,8,94.7
80,67,4,67.8
67,96,5,88.6
85,84,5,92.9
51,53,6,60.3
63,100,3,84.1
62,81,5,85.3
78,73,2,59.6
61,67,10,77.8
88,47,1,48.0
51,88,1,67.9
81,41,10,69.2
62,48,7,55.3
95,53,2,58.0
76,88,4,82.6
98,54,5,60.2
90,63,7,70.7
66,58,2,48.7
89,97,6,92.2
80,91,1,78.8
83,42,7,51.3
73,96,9,94.0
94,63,5,66.0
84,51,5,66.6
97,100,4,88.1
55,40,3,43.9
68,92,9,90.1
79,62,5,72.0
56,96,8,97.0
59,75,9,72.8
90,75,5,71.5
81,83,10,92.5
83,83,9,84.8
77,37,2,49.3
64,44,9,68.2
79,69,4,65.0
86,36,6,52.5
78,58,6,65.0
71,72,6,72.9
53,56,2,50.6
69,60,7,56.5
81,77,6,72.8
85,89,1,70.7
99,73,2,65.9
53,63,7,51.1
76,54,1,41.8
66,75,1,53.7
61,88,1,65.6
71,54,8,65.3
66,53,4,52.5
59,100,4,83.7
50,64,2,56.7
71,87,1,68.8
75,68,10,81.8
67,56,9,65.8
99,40,7,60.6
63,61,4,50.8
96,44,6,61.9
78,82,2,73.5
61,93,7,90.7
85,93,2,76.2
84,36,10,68.3
61,63,8,55.6
56,99,8,86.3
78,60,1,52.7
60,44,8,66.7
82,87,2,75.3
55,93,6,82.4
96,56,1,59.5
64,85,5,75.5
81,82,7,90.5
100,55,10,68.7
60,56,1,49.0
72,64,2,63.8
75,59,7,59.2
83,62,6,74.0
95,99,3,81.9
83,79,10,89.7
78,41,2,43.1
53,83,10,88.7
66,43,4,48.7
84,70,3,71.2
62,35,7,54.4
90,44,8,62.7
88,70,2,68.0
64,80,10,81.7
78,66,7,73.6
78,66,8,74.3
60,40,6,56.5
81,82,6,83.1
51,72,10,77.2
96,51,1,51.1
63,61,4,53.0
69,88,1,68.8
71,84,4,70.8
60,69,2,48.6
76,59,5,57.3
52,62,10,80.2
66,49,9,62.7
93,38,10,74.6
77,61,3,58.5
78,60,8,78.7
70,53,3,60.0
96,51,6,62.9
65,77,4,58.7
86,75,8,73.2
69,76,6,70.0
55,84,8,89.4
68,74,1,58.1
54,73,6,69.4
52,57,1,53.4
50,86,1,62.9
87,81,8,86.7
64,97,7,90.0
83,77,3,72.0
84,82,6,80.6
98,68,9,80.8
74,74,7,77.1
73,95,3,83.5
61,84,6,85.4
67,96,4,81.0
64,92,3,77.9
93,67,9,83.9
65,50,10,68.3
76,82,2,71.7
57,44,1,46.9
95,72,2,63.9
74,53,7,57.9
66,70,10,77.3
78,93,1,74.2
57,97,6,86.9
64,80,7,72.6
76,37,9,49.4
95,99,8,95.7
99,42,6,61.9
56,85,3,62.4
52,40,8,51.2
78,73,7,81.5
93,94,3,82.8
73,62,9,76.6
52,88,2,64.6
69,71,3,60.0
95,43,2,50.6
64,90,1,70.5
74,93,4,72.2
79,36,5,60.3
63,95,6,85.9
56,92,5,74.4
66,94,1,74.8
93,74,3,77.6
69,70,1,56.6
85,71,5,71.7
58,52,5,63.1
87,97,6,100.0
97,56,8,75.2
71,45,10,61.7
51,92,1,63.5
73,91,4,83.5
57,38,10,55.0
60,41,1,39.0
62,95,9,91.7
66,88,7,77.8
57,35,7,56.5
70,89,5,82.4
67,37,7,64.6
79,72,2,68.3
67,35,4,41.2
95,72,7,83.5
96,63,3,71.1
80,39,2,51.6
87,55,10,73.1
81,81,2,65.3
60,69,1,49.8
94,35,5,63.3
